번호,생태통로명,주소,도로명,도로번호,차선_수,위도_도,위도_분,위도_초,경도_도,경도_분,경도_초,lat,lon
1001,중동터널,서울특별시 구로구 궁동,계남큰길,,왕복6차로,37,30,23.37,126,49,51.56,37.50649167,126.8309889
1002,개좌생태터널,부산광역시 금정구 회동동 산4-1,개좌로,0,왕복2차선,35,15,6.05,129,8,27.31,35.25168056,129.1409194
1004,곰내 생태통로,부산광역시 기장군 철마면 웅천리,군도,19호선,왕복2차선,35,18,20.8,129,10,19.2,35.30577778,129.172
1005,정관예림리 생태통로,부산광역시 기장군 정관면 예림리,국지도,60호,왕복4차선,35,19,46.8,129,12,11.9,35.32966667,129.2033056
1006,을숙도 생태통로,부산광역시 사하구 하단동,낙동남로,1240,왕복7차선,35,6,31.84632,128,56,28.46904,35.1088462,128.9412414
1007,만덕생태터널,부산광역시 북구 만덕동 산89-2,만덕고갯길,1,왕복 1 차선,35,12,40.85,129,3,5.91,35.21134722,129.0516417
1008,징매이고개 생태통로,인천광역시 서구 공촌동,경명로,광3-9호,왕복8차선,37,32,47.95,126,42,34.54,37.54665278,126.7095944
1009,원적산길 생태통로,인천광역시 서구 가좌동,원적로,중로1류33호선,왕복6차로,37,30,10.93,126,41,25,37.50303611,126.6902778
1010,,광주광역시 광산구 지정동,국지도,49호선,왕복4차선,35,8,38,126,43,40,35.14388889,126.7277778
1011,,대전광역시 동구 용운동,동부순환도로,,왕복4차선,36,20,27,127,27,34,36.34083333,127.4594444
1012,,대전광역시 동구 가양동,동부순환도로,,왕복4차선,36,20,53,127,27,38,36.34805556,127.4605556
1013,,대전광역시 중구 침산동,대전남부순환고속도로,남부순환도로,왕복4차선,36,17,0.2,127,23,14.35,36.28338889,127.3873194
1014,국도14호선,울산광역시 남구 두왕동,국도,14호선,왕복4차선,35,30,13,129,17,42,35.50361111,129.295
1015,하늘공원 진입로,울산광역시 울주군 삼동면 조일리,보삼길,소로 1-3 호선,왕복2차선,35,29,43,129,6,42,35.49527778,129.1116667
1016,두꺼비 생태통로,울산광역시 울주군 웅천면 통천리,군도,18호선,왕복2차선,35,27.6,54.6,129,14.4,22.8,35.47516667,129.2463333
1017,목동 직동간 터널,경기도 광주시 목동,시도,9호선,왕복2차선,37,23,46.5,127,11,46.3,37.39625,127.1961944
1018,오포터널,경기도 광주시 오포읍 능평리,-,57호선,왕복4차선,37,21,6.1,127,10,11.6,37.35169444,127.1698889
1019,-,경기도 광주시 중대동 ,마을진입로,-,왕복2차선,37,23,45.6,127,14,6.6,37.396,127.2351667
1021,외방리 생태통로,경기도 남양주시 수동면 외방리,농어촌,201호선,왕복2차선,37,44,4.97,127,18,10.07,37.73471389,127.3027972
1022,도곡리 생태통로,경기도 남양주시 와부읍 도곡리,군도,13호선,왕복2차선,37,35,24.87,127,14,3.38,37.59024167,127.2342722
1023,갈마치생태통로,경기도 성남시 중원구 갈현동,,389,왕복2차선,37,25,11,127,11,15,37.41972222,127.1875
1024,돌마로생태통로,경기도 성남시 중원구 도촌동,돌마로,,왕복4차선,37,24,57,127,8,36,37.41583333,127.1433333
1026,범배산 생태 연결통로,경기도 시흥시 광석동 산24-9,시도,1호선,왕복 6 차선,37,23,2,126,48,42,37.38388889,126.8116667
1027,마유로 생태 연결통로,경기도 시흥시 장곡동 산84-3,시도,9호선,왕복6차선,37,22,40,126,46,21,37.37777778,126.7725
1028,,경기도 경기도 양주시 광적면 우고리,시도,39호선,왕복2차선,37,49,45,126,56,25.3,37.82916667,126.9403611
1029,,경기도 양주시 어둔동,시도,3호선,왕복2차선,37,46,55.2,127,1,17,37.782,127.0213889
1030,청계산 생태통로,경기도 양평군 양서면 목왕리,군도,1호선,왕복2차선,37,34,"208""",127,23,"413""",#VALUE!,#VALUE!
1031,,경기도 여주시 현암리,군도,10호선,왕복4차선,37,18,51.36,127,37,52.9,37.31426667,127.6313611
1032,,경기도 용인시 처인구 삼가동,학고개터널,321호선,왕복4차선,37,13,30.8,127,9,47.24,37.22522222,127.1631222
1033,,경기도 용인시 처인구 양지면 주북리,도시계획도로소,1-13호선,왕복2차선,37,15,37.02,127,14,16.88,37.26028333,127.2380222
1034,,경기도 용인시 처인구 원삼면 두창리 산2-6,원설로,318호선,왕복2차선,37,8,59.44,127,21,16.58,37.14984444,127.3546056
1035,곱든고개 생태통로,경기도 용인시 처인구 원삼면 사암리,소로1-11,57호선,왕복2차선,37,11,13.51,127,17,46.66,37.18708611,127.2962944
1036,모락산 터널,경기도 의왕시 내손동 산142번지,시도,125호선,왕복2차선,37,22,30.9,126,59,27.2,37.37525,126.9908889
1040,봉서터널,경기도 파주시 파주읍 봉서리,시도,6호선(도시계획 대1-2),왕복4차선,37,51,1,126,47,43,37.85027778,126.7952778
1041,신산터널,경기도 파주시 광탄면 신산리,시도,13호선(도시계획 중2-1),왕복2차선,37,46,44,126,51,14,37.77888889,126.8538889
1042,학령1터널,경기도 파주시 아동동,시청로,(도시계획 중1-1),왕복4차선,37,45,39,126,46,51,37.76083333,126.7808333
1043,학령2터널,경기도 파주시 아동동,학령로,(도시계획 소2-101),왕복4차선,37,45,25,126,47,25,37.75694444,126.7902778
1044,덕고개터널,경기도 파주시 적성면 답곡리,시도,18호선(농어촌 301),왕복2차선,37,56,52,126,52,5,37.94777778,126.8680556
1045,,경기도 평택시 장안동,지방도,317호선,왕복4차선,37,4,4.11,127,5,30.18,37.06780833,127.0917167
1046,,경기도 평택시 지산동 ,지방도,317호선,왕복4차선,37,4,43.26,127,5,30.58,37.07868333,127.0918278
1047,,경기도 포천시 일동면 기산리,하면~일동,387,왕복2차선,37,55,42,127,20,17,37.92833333,127.3380556
1048,,경기도 하남시 광암동,,180호선,왕복4차선,37,31,18.66,127,10,38.46,37.52185,127.17735
1049,없음,경기도 화성시 송산면 육일리,지방도,318호선,왕복2차선,37,11,39.95,126,43,7.31,37.19443056,126.7186972
1050,없음,경기도 화성시 송산면 육일리,지방도,318호선,왕복2차선,37,11,41.12,126,43,7.43,37.19475556,126.7187306
1051,일산생태통로,경기도 고양시 일산동구 중산동,하능마을로,중로2-1호선,왕복2차선,37,41,2.9,126,47,14.6,37.68413889,126.7873889
1052,밤일생태육교,경기도 광명시 노온사동,금하로,1,왕복6차선,37,27,12.11,126,51,24.74,37.45336389,126.8568722
1053,밤일생태육교,경기도 광명시 노온사동 ,밤일로,1,왕복2차선,37,27,12.1,126,51,24.58,37.45336111,126.8568278
1054,절터육교,경기도 의왕시 월암동,서수원∼의왕간고속화도로,지방도 309호선,왕복6∼8차선,37,19,2.04,126,57,59,37.31723333,126.9663889
1055,,경기도 의왕시 고천동 ,서수원∼의왕간고속화도로,지방도309호선,왕복6∼8차선,37,20,11.8,126,58,23.42,37.33661111,126.9731722
1056,풍뎅이다리,경기도 수원시 영통구 이의동,지방도,1,왕복4차선,37,18,20,127,2,39.4,37.30555556,127.0442778
1057,반딧불이다리,경기도 수원시 영통구 이의동,지방도,1,왕복6차선,37,17,40.4,127,2,8.4,37.29455556,127.0356667
1058,나비잠자리다리,경기도 수원시 영통구 이의동,지방도,1,왕복8차선,37,17,20.3,127,2,32.6,37.28897222,127.0423889
1059,소나무다리,경기도 수원시 영통구 이의동,지방도,1,왕복4차선,37,16,57.7,127,3,3.9,37.28269444,127.0510833
1060,갈참나무다리,경기도 수원시 영통구 이의동,지방도,1,왕복8차선,37,16,57.2,127,3,10.1,37.28255556,127.0528056
1061,하늘소다리,경기도 수원시 영통구 하동,지방도,1,왕복6차선,37,17,26.9,127,3,48.4,37.29080556,127.0634444
1062,무지개다리,경기도 수원시 영통구 하동,지방도,1,왕복4차선,37,17,17,127,3,59.2,37.28805556,127.0664444
1063,여담교,경기도 수원시 영통구 이의동,-,-,왕복16차선,37,17,47.8,127,3,31.5,37.29661111,127.05875
1064,꽃더미다리,경기도 수원시 영통구 하동,,,하천횡단,37,16,57.9,127,4,8.5,37.28275,127.0690278
1065,새터다리,경기도 수원시 영통구 하동,,,왕복8차선,37,16,55.5,127,4,17.5,37.28208333,127.0715278
1066,개야생태이동통로,강원도 홍천군 서면 개야리,국지도,86,왕복2차선,37,41,26.8,127,38,3.5,37.69077778,127.6343056
1067,,강원도 강릉시 왕산면 왕산리,지방도,415호선,왕복2차선,37,37,12.7,128,46,21.7,37.62019444,128.7726944
1068,댓재 생태통로,강원도 삼척시 하장면 번천리,국지도,28호선,왕복2차선,37,23,0.28,129,0,33.68,37.38341111,129.0093556
1069,,강원도 홍천군 북방면 굴지리,군도,14호선,왕복2차선,37,41,26.8,127,38,3.5,37.69077778,127.6343056
1070,원암～천진 개착식터널,강원도 고성군 토성면 원암리,군도,12호선,왕복4차선,38,12,59,128,30,16,38.21638889,128.5044444
1071,달거리생태이동통로,강원도 화천군 하남면 서오지리,국도,5호선,왕복2차선,38,3,39.97,127,38,39.13,38.06110278,127.6442028
1072,, 충청북도 청주시 청원구 율량동,1순환로,산 128-1도,하부 왕복 6차선,36,39,10.55,127,30,46,36.65293056,127.5127778
1073,,충청북도 괴산군 사리면 사담리,사담선,,왕복2차선,36,49,35.8,127,39,35.8,36.82661111,127.6599444
1074,이곡리,충청북도 괴산군 사리면 이곡리,지방도,515호선,왕복2차선,36,46,46,127,42,53,36.77944444,127.7147222
1075,,충청북도 보은군 마로면 갈전리,군도,15호선(갈전-법화),왕복2차선,36,22,18.13031569,127,50,32.55409048,36.37170287,127.8423761
1076,,충청북도 보은군 탄부면 평각리,농어촌도로,리도 203호선(평각-어암),1차로,36,27,36.3960663,127,45,31.50632857,36.46011002,127.7587518
1077,,충청북도 청원군 강내면 궁현리,군현∼연정,면도 103호선,왕복2차선,36,34,29,127,22,43,36.57472222,127.3786111
1078,,충청북도 청원군 강내면 연정리,군현∼연정,면도 103호선,왕복2차선,36,34,22,127,22,53,36.57277778,127.3813889
1079,,충청북도 청원군 남일면 신송리,면도,101호선,왕복2차선,36,34,24,127,29,8,36.57333333,127.4855556
1080,,충청북도 청원군 남일면 황청리,면도,106호선,왕복2차선,36,36,6,127,32,58,36.60166667,127.5494444
1081,,충청북도 청원군 미원면 운용리,면도,101호선,왕복2차선,36,40,22.7497514,127,40,4.051933287,36.67298604,127.6677922
1082,성화2 생태교량,충청북도 청주시 서원구 성화동 1076,서원구,성봉로,왕복4차선,36,36,41.79,127,26,59.79,36.61160833,127.4499417
1083,,충청북도 청주시 서원구 성화동 658,구룡산로,52번길,왕복4차선,36,36,53.18,127,27,24.01,36.61477222,127.4566694
1084,,충청북도 청주시 서원구 수곡동 214-30,안뜸로,47,왕복2차선,36,36,51.32,127,28,51.92,36.61425556,127.4810889
1085,,충청북도 괴산군 괴산읍 동부리,소로2-5,,왕복2차선,36,48,52.4,127,42,38.2,36.81455556,127.7106111
1086,방곡리,충청북도 단양군 대강면 방곡리,지방도,534호선,왕복2차선,36,48,32.39,128,21,18.27,36.80899722,128.355075
1087,,충청북도 청주시 청원구 오창읍 구룡리,오창공원로,구룡리 442도,왕복4차선,36,43,2,127,25,4,36.71722222,127.4177778
1088,,충청북도 청주시 청원구 오창읍 양청리,오창공원로,양청리 882도(호수공원 주변),왕복4차선,36,42,44,127,25,31,36.71222222,127.4252778
1089,,충청북도 청주시 청원구 오창읍 각리,과학산업2로,구룡리 472도,왕복6차선,36,42,46,127,25,14,36.71277778,127.4205556
1090,각리,충청북도 청원군 오창읍 각리,지방도,540호,왕복6차선,36,42,48.1,127,25,19.2,36.71336111,127.422
1091,,충청북도 청주시 청원구 오창읍 여천리,리도,213호선,왕복2차선,36,46,3,127,28,24,36.7675,127.4733333
1092,소로1-194호,충청남도 천안시 유량동,태조산,용연저수지도로,왕복2차선,36,48,55.31,127,11,4.48,36.81536389,127.1845778
1093,대로3-1호,충청남도 천안시 서북구 불당동,,,왕복4차선,36,48,38.03,127,6,53.82,36.81056389,127.11495
1094,중로1-44호,충청남도 천안시 불당동,,,왕복4차선,36,48,24.24,127,6,48.6,36.80673333,127.1135
1095,중로 1-21호,충청남도 천안시 용곡동,,,왕복4차선,36,47,31.16,127,8,8.93,36.79198889,127.1358139
1096,지방산업단지 진입도로,충청남도 천안시 부대동,지방산업단지진입도로,,왕복6차선,36,50,48.76,127,10,2.28,36.84687778,127.1673
1097,,충청남도 천안시 풍세면 남관리,지방도,(629호),왕복4차선,36,45,30.26,127,5,0.97,36.75840556,127.0836028
1098,,충청남도 천안시 청당동,대(보),3-26호,왕복6차선,36,46,33.59,127,8,32.68,36.77599722,127.1424111
1099,,충청남도 천안시 청당동,중(집),1-79호,왕복6차선,36,46,48.36,127,9,13.5,36.7801,127.15375
1100,,충청남도 천안시 청당동,대(보),3-25호,왕복6차선,36,46,48.36,127,9,13.5,36.7801,127.15375
1101,,충청남도 천안시 청당동,대(보),3-5호,왕복4차선,36,46,48.36,127,9,13.5,36.7801,127.15375
1102,용곡생태통로,충청남도 아산시 배방읍 장재리,대로,02월 01일,왕복6차선,36,47,30.5,127,5,39.28,36.79180556,127.0942444
1103,연화생태통로,충청남도 아산시 배방읍 장재리,대로,03월 05일,왕복5차선,36,47,18.9,127,6,7.93,36.78858333,127.1022028
1104,,충청남도 서산시 지곡면 무장리,지방도,70호선,왕복4차선,36,51,56.7,126,26,38.1,36.86575,126.4439167
1105,,충청남도 서산시 지곡면 무장리,지방도,70호선,왕복4차선,36,51,50.3,126,26,46.3,36.86397222,126.4461944
1106,초락도리 생태통로,충청남도 당진시 석문면 초락도리,지방도,647호선,왕복2차선,36,59,8.93560463,126,30,51.60288811,36.98581545,126.5143341
1107,,충청남도 금산군 금성면 두곡리,금성,103호,왕복2차선,36,8,55.47,127,27,49.77,36.14874167,127.463825
1108,신성리 1번,충청남도 부여군 규암면 금암-신성,군도,10호선,왕복2차선,36,16,56.52,126,54,24.43,36.28236667,126.9067861
1109,온천통문,충청남도 청양군 장평면 적곡리,군도,11호선,왕복2차선,36,23,47,126,54,16.73,36.39638889,126.9046472
1110,,충청남도 태안군 안면읍 승언리,군도,14호,왕복2차선,36,30,56.5,126,19,54,36.51569444,126.3316667
1111,,충청남도 태안군 원북면 신두리,군도,14호선,왕복2차선,36,50,28.45979609,126,12,20.013875,36.84123883,126.2055594
1112,숭림사 생태통로,전라북도 익산시 함라면 금성리,지방도,723호선,왕복2차선,36,4,2.03,126,54,42.44,36.06723056,126.9117889
1113,서구이재 생태통로,전라북도 장수군 장수읍 송천리,지방도,742호선,왕복2차선,35,37,34,127,29,32.68,35.62611111,127.4924111
1114,노루재 생태통로,전라북도 무주군 부남면 장안리,지방도,635호선,왕복2차선,35,52,51.63,127,35,50.93,35.88100833,127.5974806
1115,슬치재 생태통로,전라북도 임실군 관촌면 슬치리,지방도,745호선,왕복2차선,35,41,23.1,127,14,26.58,35.68975,127.2407167
1116,소비재 생태통로,전라북도 장수군 계북면 농소리,지방도,743호선,왕복2차선,35,45,42.31,127,38,0.64,35.76175278,127.6335111
1117,복성이재 생태통로,전라북도 장수군 번암면 노단리,지방도,751호선,왕복2차선,35,31,41.19,127,33,46.96,35.52810833,127.5630444
1118,못토재 생태통로,전라북도 순창군 풍산면 죽곡리,지방도,729호선,왕복2차선,35,21,31.14,127,7,8.94,35.35865,127.11915
1119,무릉고개 생태통로,전라북도 장수군 번암면 지지리,지방도,743호선,왕복2차선,35,38,32.75332234,127,36,59.9698143,35.64243148,127.6166583
1120,우덕 생태통로,전라북도 정읍시 덕천면 우덕리,지방도,705호선,왕복4차선,35,37,46.74,126,50,12.1,35.62965,126.8366944
1121,월곡 생태통로,전라북도 고창군 고창읍 월곡리,국지도,15호선,왕복4차선,35,26,34.56,126,42,32.74,35.44293333,126.7090944
1122,월명터널,전라북도 군산시 소룡동,공단,대로,왕복6차선,35,58,2.27,126,41,18.47,35.96729722,126.6884639
1123,,전라북도 순창군 순창읍 백산리,지방도,729호선,왕복4차선,35,21,30.91,127,7,7.63,35.35858611,127.1187861
1124,,전라북도 순창군 팔덕면 구룡리,농어촌도,202호선,왕복4차선,35,23,30.01,127,6,50.18,35.39166944,127.1139389
1125,,전라북도 순창군 팔덕면 구룡리,농어촌도,202호선,왕복4차선,35,23,1.71,127,6,30.96,35.38380833,127.1086
1126,,전라북도 순창군 팔덕면 월곡리,군도,11호선,왕복4차선,35,25,15.29,127,6,5.92,35.42091389,127.1016444
1127,,전라북도 순창군 팔덕면 월곡리,군도,11호선,왕복4차선,35,25,15.77,127,5,52.95,35.42104722,127.0980417
1128,,전라북도 고창군 고창읍 월곡리,지방도,15호선,왕복4차선,35,26,34.56,126,42,32.74,35.44293333,126.7090944
1129,부귀1생태통로,전라북도 고창군 아산면 주진리,지방도,15호선,왕복4차선,35,26,34.65,126,36,48.22,35.44295833,126.6133944
1130,부귀2생태통로,전라북도 고창군 아산면 학전리,지방도,15호선,왕복4차선,35,26,34.14,126,36,41.52,35.44281667,126.6115333
1131,부흥산 생태통로,전라남도 목포시 옥암동,후광대로,,왕복8차선,34,48,38,126,26,32,34.81055556,126.4422222
1132,웅천 생태터널,전라남도 여수시 웅천동,신월로,,왕복6차선,34,45,15.5,127,40,30.52,34.75430556,127.6751444
1133,,전라남도 광양시 광양읍 우산리,남해고속도로,,왕복4차선,34,59,11,127,35,8,34.98638889,127.5855556
1134,,전라남도 구례군 신학리,산동고달간,103호선,왕복2차선,35,19,5.312108711,127,25,34.3196907,35.31814225,127.4261999
1135,,전라남도 구례군 산동면 둔사리,산동-고달간,103호선,왕복2차선,35,18,18.52,127,23,42.41,35.30514444,127.3951139
1137,,전라남도 보성군 율어면 선암리,군도,6호선,왕복2차선,34,50,47.06,127,13,33.04,34.84640556,127.2258444
1138,무안광주선 16.94k,전라남도 함평군 학교면 마산리,무안광주고속도로,12호선,왕복4차선,35,4,0.42,126,35,14.88,35.06678333,126.5874667
1139,,전라남도 영광군 영광읍 학정리,중로,01월 01일,왕복4차선,35,15,54.3,126,30,36.5,35.26508333,126.5101389
1142,,전라남도 장성군 삼계면 수옥리,지방도,893호선,왕복2차선,35,16,57.81,126,41,36.27,35.282725,126.6934083
1143,,경상북도 문경시 가은읍 작천리,지방도,11호선,왕복2차선,36,39,3,128,2,12.97,36.65083333,128.0369361
1144,,경상북도 김천시 구성면 마산리,지방도,901호선,왕복2차선,36,4,2.507335291,127,57,17.41520596,36.06736315,127.9548376
1145,밤티재,경상북도 상주시 화북면 중벌리,지방도,997호선,왕복2차선,36,35,9,127,52,54,36.58583333,127.8816667
1146,도래기재 생태통로,경상북도 봉화군 춘양면 우구치리,국지도,88호선,왕복2차선,37,2,20.31591264,128,47,50.45326422,37.03897664,128.7973481
1147,,경상북도 경주시 현곡면 나원리,국지도,68호선,왕복2차선,35,53,7,129,12,20,35.88527778,129.2055556
1148,여우목재 생태통로,경상북도 예천군 상리면 명봉리,지방도,901호선,왕복2차선,36,46,26.39220419,128,21,53.12974642,36.77399783,128.3647583
1149,,경상북도 군위군 산성면 운산리,지방도,10호선(산성∼부계),왕복2차선,36,6,40.39820338,128,40,41.08568573,36.11122172,128.6780794
1154,,경상남도 창원시 진해구 원포동,행암로,362번길,왕복2차선,35,6,2.41,128,41,46.85,35.10066944,128.6963472
1155,대원로 66번길,경상남도 창원시 의창구 두대동,,300호선,왕복4차선,35,14,12.17,128,39,19.2,35.23671389,128.6553333
1156,두산볼보로,경상남도 창원시 성산구 귀현동,,299호선,왕복6차선,35,11,25.11,128,37,21.91,35.19030833,128.6227528
1157,안민생태교,경상남도 창원시 성산구 천선동,,299호선,왕복2차선,35,10,7,128,41,59,35.16861111,128.6997222
1158,생태교량,경상남도 창원시 마산합포구 현동,현동로,,왕복6차선,35,8,55.38,128,33,24.51,35.14871667,128.5568083
1159,,경상남도 밀양시 단장면 구천리,지방도,1077,왕복2차선,35,33,25.74,128,56,21.91,35.55715,128.9394194
1160,,경상남도 밀양시 산내면 남명리,지방도,1077,왕복2차선,35,33,43.39,128,56,34.65,35.56205278,128.9429583
1161,낙서 전화 생태통로,경상남도 의령군 낙서면 전화리,농어촌도로,101,왕복2차선,35,23,14.85,128,12,10.29,35.38745833,128.2028583
1162,쇄목재 생태통로,경상남도 의령군 대의면 신전리,지방도,1013,왕복2차선,35,29,36.74,128,22,38.87,35.49353889,128.3774639
1163,,경상남도 고성군 마암면 보전리,1002호선,,왕복2차선,35,1,53.13,128,22,8.48,35.031425,128.3690222
1164,,경상남도 고성군 구만면 주평리,군도6호,(용안-봉동),왕복2차선,35,6,5.09,128,21,32.57,35.10141389,128.3590472
1165,문의 생태통로,경상남도 남해군 설천면 문의리,농어촌101호선,,왕복2차선,34,56,21,127,54,24,34.93916667,127.9066667
1166,임포 생태통로,경상남도 남해군 남면 임포리,군도,10호선,왕복2차선,34,44,43,127,53,22,34.74527778,127.8894444
1167,임포 생태통로,경상남도 거창군 위천면 강천리산,농어촌도로,201호선,왕복1차선,35,45,47.21845102,127,48,44.68221082,35.76311624,127.8124117
1168,,제주특별자치도 서귀포시 남원읍 신례리,516도로,(1131호선),왕복4차선,33,19,29.95,126,35,56.65,33.32498611,126.5990694
1169,,제주특별자치도 제주시 애월읍 하귀리,국도대체우회도로,,왕복4차선,33,28,24.72,126,24,34.69,33.47353333,126.4096361
1170,,제주특별자치도 제주시 애월읍 봉성리,국도대체우회도로,,왕복4차선,33,21,9.84,126,21,34.35,33.35273333,126.3595417
1171,,제주특별자치도 제주시 애월읍 봉성리,평화로,(1135호선),왕복4차선,33,22,3.98,126,22,5.31,33.36777222,126.3681417
1172,,제주특별자치도 제주시 애월읍 소길리,평화로,(1135호선),왕복4차선,33,25,44.1,126,24,48,33.42891667,126.4133333
1173,,제주특별자치도 제주시 애월읍 광령리,국도대체우회도로,,왕복4차선,33,28,21.14,126,25,31.08,33.47253889,126.4253
1174,,제주특별자치도 서귀포시 안덕면 서광리,평화로,(1135호선),왕복4차선,33,16,25.13,126,18,12.03,33.27364722,126.3033417
1175,,제주특별자치도 서귀포시 대정읍 안성리,평화로,(1135호선),왕복4차선,33,15,31.62,126,17,19.21,33.25878333,126.2886694
1176,,제주특별자치도 제주시 애월읍 광령리,1100도로,(1139호선),왕복2차선,33,21,55.4,126,28,2.81,33.36538889,126.4674472
1177,,제주특별자치도 제주시 애월읍 광령리,1100도로,(1139호선),왕복2차선,33,21,55.4,126,28,2.81,33.36538889,126.4674472
1178,,제주특별자치도 서귀포시 중문동,1100도로,(1139호선),왕복2차선,33,21,4.6,126,27,41.41,33.35127778,126.4615028
1179,,제주특별자치도 제주시 애월읍 광령리,1100도로,(1139호선),왕복2차선,33,22,19.57,126,28,18.09,33.37210278,126.4716917
1180,한라생태숲 생태통로,제주특별자치도 제주시 516로 2596,516로,(1131호),왕복2차선,33,25,45,126,35,55.2,33.42916667,126.5986667
1181,구룡령 생태통로,강원도 양양군 서면 갈천리,국도,(56호선),왕복4차선,37,52,48.69168114,128,30,51.38802147,37.88019213,128.5142745
1182,시암재,전라남도 구례군 광의면 방광리,지방도,861호선,왕복2차선,35,18,4.64,127,29,48.98,35.30128889,127.4969389
1183,지릅재,충청북도 제천시 수안보면 미륵리,지방도,597번,왕복2차선,36,49,26.4,128,5,11.9,36.824,128.0866389
1184,정령치1,전라북도 남원시 산내면 덕동리,지방도,737호선,왕복2차선,35,21,2,127,32,2,35.35055556,127.5338889
1185,정령치2,전라북도 남원시 주천면 고기리,지방도,737호선,왕복2차선,35,22,0.8,127,30,44.5,35.36688889,127.5123611
1186,버리미기재,경상북도 문경시 가은읍 완장리,지방도,922호선,왕복2차선,36,41,21.7,127,57,5.5,36.68936111,127.9515278
1189,화순 이양 이양 생태통로,전라남도 화순군 이양면 이양리 156-4,국도,29호선,왕복4차선,34,53,9.439775813,126,59,36.31535348,34.88595549,126.9934209
1190,완도 군외 신학 생태통로,전라남도 완도군 군외면 신학리 산51-12,국도,13호선,왕복4차선,34,22,55.08469976,126,39,37.93321427,34.38196797,126.660537
1191,해남 현산 월송 생태통로,전라남도 해남군 현산면 월송리 산2-6,국도,13호선,왕복4차선,34,25,1.61177576,126,35,53.18535812,34.41711438,126.598107
1192,용화,전라북도 익산시 왕궁면 용화리 산1-44,국도,1호선,왕복4차선,36,0,49.92,127,4,59.26,36.01386667,127.0831278
1193,고봉,전라북도 군산시 성산면 고봉리 산32-1,국도,27호선,왕복4차선,35,58,49.94,126,48,5.72,35.98053889,126.8015889
1194,축산1,전라북도 군산시 임피면 축산리 산44-9,국도,27호선,왕복4차선,35,59,42.86,126,51,22.33,35.99523889,126.8562028
1195,축산2,전라북도 군산시 임피면 축산리 산96-7,국도,27호선,왕복4차선,35,59,47.41,126,51,0.76,35.99650278,126.8502111
1196,오봉,전라북도 정읍시 태인면 오봉리 66-1,국도,1호선,왕복4차선,35,39,36.02,126,56,28.41,35.66000556,126.941225
1197,남봉,전라북도 완주군 고산면 남봉리 산44-1,국도,17호선,왕복4차선,35,57,56.42,127,11,38.54,35.96567222,127.1940389
1198,서봉,전라북도 완주군 고산면 서봉리 73,국도,17호선,왕복4차선,35,58,58.32,127,12,38.51,35.98286667,127.2106972
1199,,전라남도 곡성군 오산면 단사리,국도,15호선,왕복2차선,35,13,16.03,127,7,45.66,35.22111944,127.12935
1200,두여,전라북도 익산시 여산면 두여리 산1-1,국도,1호선,왕복4차선,36,4,19.5,127,5,24.03,36.07208333,127.0900083
1201,,전라북도 무주군 무풍면 삼거리,국도,37호선,왕복2차선,35,52,51.88,127,48,55.49,35.88107778,127.8154139
1202,,전라북도 무주군 설천면 두길리,국도,37호선,왕복2차선,35,57,56.93,127,47,5.37,35.96581389,127.784825
1203,,전라북도 무주군 설천면 심곡리,국도,37호선,왕복2차선,35,53,7.28,127,44,55.28,35.88535556,127.7486889
1204,,전라남도 곡성군 오산면 선세리,국도,15호선,왕복2차선,35,12,8.07,127,7,46.31,35.20224167,127.1295306
1205,,전라남도 곡성군 오산면 선세리,국도,15호선,왕복2차선,35,12,42.99,127,7,43.27,35.21194167,127.1286861
1206,장암,전라북도 임실군 덕치면 장암리 1020,국도,27,왕복4차선,35,27,44.73,127,8,57.07,35.462425,127.1491861
1207,신교,전라북도 완주군 소양면 신교리 14-2,국도,26호선,왕복4차선,35,51,13.06,127,13,13.35,35.85362778,127.220375
1208,월봉,전라북도 김제시 백구면 월봉리 83-2,국도,21호선,왕복4차선,35,52,55.79,126,57,9.49,35.88216389,126.9526361
1209,신정,전라북도 진안군 부귀면 신정리 산257,국도,26호선,왕복4차선,35,48,48.82,127,20,44.6,35.81356111,127.3457222
1210,정곡,전라북도 진안군 진안읍 정곡리 산227,국도,26호선,왕복4차선,35,46,57.3,127,24,50.07,35.78258333,127.4139083
1211,육십령 생태통로,전라북도 장수군 장계면 명덕리 산154-89,국도,26,왕복2차선,35,43,21.34834851,127,39,35.94206428,35.72259676,127.6599839
1212,여원재 생태통로,전라북도 남원시 이백면 양가리 산55-25,국도,24,왕복2차선,35,26,55.5,127,29,9.5,35.44875,127.4859722
1213,덕산재 생태통로,전라북도 무주군 무풍면 금평리 산161-6,국도,30,왕복2차선,35,56,24.5,127,54,5.6,35.94013889,127.9015556
1214,운북_1,전라북도 순창군 구림면 운북리 산59-1,국도,21,왕복2차선,35,20,23.5,127,2,28,35.33986111,127.0411111
1215,운북_2,전라북도 순창군 구림면 운북리 산59-1,국도,21,왕복2차선,35,28,26.6,127,2,28.4,35.47405556,127.0412222
1216,운북_3,전라북도 순창군 구림면 운북리 산59-1,국도,21,왕복2차선,35,28,27.2,127,2,26.8,35.47422222,127.0407778
1217,용담_1,전라북도 남원시 주천면 용담리,국도,19,왕복4차선,35,24,41.2,127,25,0.6,35.41144444,127.4168333
1218,용담_2,전라북도 남원시 주천면 용담리 ,국도,19,왕복4차선,35,25,8.1,127,25,1.2,35.41891667,127.417
1219,방산_1,전라북도 순창군 쌍치면 방산리 484-10,국도,21,왕복2차선,35,31,28.4,126,56,33,35.52455556,126.9425
1220,방산_2,전라북도 순창군 쌍치면 방산리 484-8,국도,21,왕복2차선,35,31,32.9,126,56,33.7,35.52580556,126.9426944
1221,화수,전라북도 남원시 운봉읍 화수리,국도,24,왕복2차선,35,27,5.763598454,127,33,23.96318443,35.451601,127.5566564
1222,상림,전라남도 고흥군 풍양면 상림리 산147-2,국도,27호선,왕복4차선,34,58,14.33,127,24,81.88,34.97064722,127.4227444
1223,사정,전라남도 고흥군 점암면 사정리 산231-3,국도,15호선,왕복4차선,34,40,23.05923016,127,21,57.10385517,34.67307201,127.3658622
1224,송정,전라남도 구례군 토지면 송정리 590-2,국도,19호선,왕복2차선,35,11,31.6,127,33,23.9,35.19211111,127.5566389
1225,용두,전라남도 구례군 마산면 용두리 497,국도,19호선,왕복2차선,35,12,11.77,127,30,12.37,35.20326944,127.5034361
1226,죽정,전라남도 구례군 용방면 죽정리 산24-14,국도,19호선,왕복4차선,35,16,37.61,127,24,59.18,35.27711389,127.4164389
1227,파도,전라남도 구례군 토지면 파도리 1094,국도,19호선,왕복2차선,35,11,33.19,127,32,29.01,35.19255278,127.5413917
1228,갑산,전라남도 구례군 마산면 갑산리 828,국도,19호선,왕복4차선,35,13,25.29,127,28,1.98,35.22369167,127.4672167
1229,대산,전라남도 구례군 광의면 대산리 654-2,국도,19호선,왕복4차선,35,14,26.46,127,26,51.29,35.24068333,127.4475806
1230,천남,경기도 여주군 대신면 천남리,국도,37호선,왕복4차선,37,19,46.29,127,37,53,37.329525,127.6313889
1231,현암,경기도 여주군 현암동,국도,37호선,왕복4차선,37,19,20.44,127,37,51.77,37.32234444,127.6310472
1232,진촌,경기도 안성시 삼죽면 진촌리,국도,38호선,왕복4차선,37,3,54.63,127,22,24.7,37.065175,127.3735278
1233,매룡,경기도 여주시 매룡동,국도,42호선,왕복4차선,37,16,51.47,127,39,27.47,37.28096389,127.6576306
1234,송라,경기도 화성시 매송면 송라리,국도,39호선,왕복4차선,37,16,16.68,126,54,23.92,37.2713,126.9066444
1235,숙곡,경기도 화성시 매송면 숙곡리,국도,39호선,왕복4차선,37,15,43.27,126,54,10.2,37.26201944,126.9028333
1236,,경기도 가평군 북면 도대리,국도,75호선,왕복2차선,37,59,29.33,127,26,28.27,37.99148056,127.4411861
1237,,경기도 가평군 북면 도대리,국도,75호선,왕복2차선,37,56,30.8,127,29,18.8,37.94188889,127.4885556
1238,,경기도 가평군 북면 적목리,국도,75호선,왕복2차선,38,0,50.79,127,26,31.15,38.01410833,127.4419861
1239,,경기도 가평군 북면 적목리,국도,75호선,왕복2차선,38,1,3,127,26,33.2,38.0175,127.4425556
1240,,경기도 가평군 북면 적목리,국도,75호선,왕복2차선,38,1,16.4,127,26,33.6,38.02122222,127.4426667
1241,,경기도 가평군 북면 적목리 ,국도,75호선,왕복2차선,38,1,29.7,127,26,35.4,38.02491667,127.4431667
1242,,경기도 가평군 북면 적목리,국도,75호선,왕복2차선,38,1,59.6,127,26,38.5,38.03322222,127.4440278
1243,,경기도 가평군 북면 적목리,국도,75호선,왕복2차선,38,2,11.1,127,26,40.5,38.03641667,127.4445833
1244,,경기도 가평군 북면 적목2리,국도,75호선,왕복2차선,38,2,20.2,127,26,49,38.03894444,127.4469444
1245,적목리1호,경기도 가평군 북면 적목리,국도,75호선,왕복2차선,38,2,24.4,127,26,58,38.04011111,127.4494444
1246,,경기도 양주시 장흥면 울대리,국도,39호선,왕복4차선,37,43,30,126,59,26.7,37.725,126.99075
1247,갈운생태통로,경기도 양평군 청운면 갈운리,국도,6호선,왕복2차선,37,31,56.27,127,48,4.72,37.53229722,127.8013111
1248,없음,경기도 화성시 팔탄면 가재리,국도,82호선,왕복4차선,37,9,9.29,126,55,1.67,37.15258056,126.9171306
1249,도라산 생태통로,경기도 파주시 장단면 도라산리 501,국도,1호선,왕복4차선,37,54,5,126,41,57,37.90138889,126.6991667
1250,덕현 생태통로,경기도 가평군 상면 덕현리 731,국도,37호선,왕복4차선,37,45,22,127,24,40,37.75611111,127.4111111
1251,신복1 생태통로,경기도 양평군 옥천면 신복리 산134-1,국도,37호선,왕복2차선,37,33,37.72,127,28,7.42,37.56047778,127.4687278
1252,신복2 생태통로,경기도 양평군 옥천면 신복리,국도,37호선,왕복2차선,37,33,35.76,127,28,3.95,37.55993333,127.4677639
1253,상천1 생태통로,경기도 가평군 청평면 상천리 134-4,국도,46호선,왕복4차선,37,47,16.6,127,27,54.5,37.78794444,127.4651389
1254,상천2 생태통로,경기도 가평군 청평면 상천리 산93-2,국도,46호선,왕복4차선,37,46,12.4,127,27,20.9,37.77011111,127.4558056
1255,도평1 생태통로,경기도 포천시 이동면 도평리 503-7(도평교),국도,47호선,왕복2차선,38,5,32.5,127,23,38.4,38.09236111,127.394
1256,도평2 생태통로,경기도 포천시 이동면 도평리 산371-1(약사교 하부),국도,47호선,왕복2차선,38,4,22.3,127,23,31.3,38.07286111,127.3920278
1257,,충청남도 공주시 신풍면 청흥리,국도,39호선,왕복2차선,36,28,11.9,126,56,39.1,36.46997222,126.9441944
1258,,충청남도 청양군 목면 송암리,국도,36호선,왕복4차선,36,25,56.3,127,0,45.6,36.43230556,127.0126667
1259,죽령,충청북도 단양군 대강면 용부원리,국도,5호선,왕복3차선,36,54,20.59,128,25,53.4,36.90571944,128.4315
1260,신당리,충청북도 충주시 살미면 신당리,국도,36호선,왕복2차선,36,55,14.3,128,3,23.2,36.92063889,128.0564444
1261,사담리,충청북도 괴산군 청천면 사담리,국도,37호선,왕복2차선,36,36,47.1,127,48,52.1,36.61308333,127.8144722
1262,장회리,충청북도 단양군 단성면 장회리,국도,36호선,왕복3차선,36,55,50,128,14,18.2,36.93055556,128.2383889
1263,용부원리,충청북도 단양군 대강면 용부원리,국도,5호선,왕복3차선,36,54,32.5,128,25,2.6,36.90902778,128.4173889
1264,용부원리2,충청북도 단양군 대강면 용부원리,국도,5호선,왕복3차선,36,54,39.4,128,24,36.8,36.91094444,128.4102222
1265,용부원리3,충청북도 단양군 대강면 용부원리,국도,5호선,왕복3차선,36,54,33.3,128,24,48.9,36.90925,128.4135833
1266,지오생태통로,충청북도 옥천군 군북면 지오리,국도,37호선,왕복4차선,36,19,26.8,127,34,23.6,36.32411111,127.5732222
1267,증약생태통로,충청북도 옥천군 군북면 증약리,국도,4호선,왕복4차선,36,20,14.3,127,30,29.1,36.33730556,127.5080833
1268,화성생태통로,충청남도 천안시 동남구 성남면 화성리15-8(병천3.35㎞),남부대로,(국도21호선),왕복4차선,36,45,12.1,127,16,45.6,36.75336111,127.2793333
1269,장산1생태통로,충청남도 천안시 동남구 수신면 장산리 801-3(병천3.15㎞),남부대로,(국도21호선),왕복4차선,36,45,13.3,127,16,54.6,36.75369444,127.2818333
1270,장산2생태통로,충청남도 천안시 동남구 수신면 장산리 801-2(병천2.95㎞),국도,21호선,왕복4차선,36,45,16.8,127,17,2.4,36.75466667,127.284
1271,장산3생태통로,충청남도 천안시 동남구 수신면 장산리 801-2(병천2.85㎞),국도,21호선,왕복4차선,36,45,17.22,127,17,3.3,36.75478333,127.28425
1272,풍전생태통로,충청남도 서산시 인지면 풍전리 359-1(서산4.1㎞),국도,32호선,왕복4차선,36,46,4.74,126,25,19.57,36.76798333,126.4221028
1273,진장생태통로,충청남도 서산시 팔봉면 진장리 892-4(서산10.8㎞),국도,32호선,왕복4차선,36,46,44.58,126,21,40.75,36.77905,126.3613194
1274,,충청남도 서산시 지곡면 무장리,국지도,70호,왕복4차선,36,51,56.7,126,26,38.1,36.86575,126.4439167
1275,,충청남도 공주시 사곡면 고당리,지방도,629호선,왕복2차선,36,31,38.73127063,127,1,50.3946762,36.52742535,127.0306652
1276,풍세동물이동통로,충청남도 천안시 동남구 풍세면 두남리,지방도,629호선,왕복4차선,36,45,16.01,127,8,6.75,36.75444722,127.1352083
1277,가대리,충청북도 단양군 가곡면 가대리,국도,59호선,왕복2차선,37,2,2.7,128,24,23.8,37.03408333,128.4066111
1278,가산리,충청북도 단양군 단성면 가산리,국도,59호선,왕복2차선,36,53,53.95757598,128,18,20.27523803,36.89832155,128.305632
1279,가산리2,충청북도 단양군 단성면 가산리,국도,59호선,왕복2차선,36,53,48.71815011,128,18,20.91731549,36.89686615,128.3058104
1280,궁종리 생태통로_1,강원도 횡성군 둔내면 궁종리,일반국도,6호선,왕복2차선,37,29,27.52,128,9,14.01,37.49097778,128.1538917
1281,정금리 생태통로,강원도 횡성군 우천면 정금리,일반국도,6호선,왕복2차선,37,30,47.57,128,5,39.94,37.51321389,128.0944278
1282,궁종리 생태통로_2,강원도 횡성군 둔내면 궁종리,일반국도,6호선,왕복2차선,37,30,27.09,128,8,57.36,37.507525,128.1492667
1283,궁종리,강원도 횡성군 둔내면 궁종리,일반국도,6호선,왕복2차선,37,30,28.09,128,8,58.36,37.50780278,128.1495444
1286,원대리,강원도 인제군 기린면 원대리,일반국도,31호선,왕복2차선,38,0,41.46859688,128,14,14.02270509,38.01151905,128.2372285
1287,하추리,강원도 인제군 인제읍 하추리,일반국도,31호선,왕복2차선,38,0,37.31831829,128,15,45.49371339,38.0103662,128.2626371
1290,금대리 생태통로,강원도 원주시 판부면 금대리,일반국도,42호선,왕복4차선,37,16,15.55,128,0,33.29,37.27098611,128.0092472
1291,지내리 생태통로,강원도 춘천시 동면 지내리,일반국도,46호선,왕복4차선,37,54,32.32071417,127,46,13.31703664,37.90897798,127.7703658
1292,진고개 생태통로,강원도 평창군 대관령면 병내리,국도,6호선,왕복3차선,37,45,8.26,128,36,40.57,37.75229444,128.6112694
1293,삽당령 생태통로,강원도 강릉시 왕산면 송현리,국도,35호선,왕복2차선,37,34,36.95,128,51,10.32,37.57693056,128.8528667
1294,진부령 생태통로,강원도 고성군 간성읍 진부리,국도,46호선,왕복2차선,38,16,45.1,128,21,20.6,38.27919444,128.3557222
1295,한계령 생태통로,강원도 인제군 북면 한계리,국도,44호선,왕복2차선,38,6,42.82757676,128,21,52.59884263,38.11189655,128.3646108
1296,제진1 생태통로,강원도 고성군 현내면 제진리,국도,7호선,왕복4차선,38,33,29.14,128,23,48.57,38.55809444,128.396825
1297,진부리 생태통로,강원도 고성군 간성읍 진부리,국도,46호선,왕복3차선,38,16,0,128,21,25,38.26666667,128.3569444
1298,한계령 생태통로,강원도 인제군 북면 한계리,국도,44호선,왕복2차선,38,6,29,128,22,24,38.10805556,128.3733333
1299,병내리 생태통로,강원도 평창군 대관령면 병내리,국도,6호선,왕복3차선,37,45,23.32,128,36,40,37.75647778,128.6111111
1300,자운리 생태통로,강원도 홍천군 내면 자운리,국도,31호선,왕복2차선,37,43,6.3,128,25,22.55,37.71841667,128.4229306
1301,화방재 생태통로,강원도 영월군 상동읍 천평리,국도,31호선,왕복2차선,37,7,1.985764275,128,52,42.3862381,37.11721827,128.8784406
1302,백복령 생태통로,강원도 정선군 임계면 직원리,국도,42호선,왕복2차선,37,31,15.0907241,128,54,12.59388446,37.52085853,128.9034983
1303,연정재 생태통로,강원도 영월군 한반도면 후탄리,국도,38호선,왕복4차선,37,11,5.7,128,22,48.8,37.18491667,128.3802222
1304,무사리 생태이동통로,강원도 삼척시 미로면 무사리,국도,38호선,왕복4차선,37,34,38.3,128,51,10.6,37.57730556,128.8529444
1305,너그니재 생태이동통로,강원도 정선군 여량면 남곡리,국도,42호선,왕복2차선,37,29,9.6,128,47,10.6,37.486,128.7862778
1306,봉정리 생태이동통로,강원도 정선군 여량면 유천리,국도,42호선,왕복2차선,37,28,7,128,44,42.9,37.46861111,128.74525
1307,남곡리 생태이동통로,강원도 정선군 여량면 남곡리,국도,42호선,왕복2차선,37,29,19.21,128,47,3.74,37.48866944,128.7843722
1308,생곡리1호,강원도 홍천군 서석면 생곡리,국도,56호선,왕복2차선,37,43,54.1,128,17,30.7,37.73169444,128.2918611
1309,생곡리2호,강원도 홍천군 서석면 생곡리,국도,56호선,왕복2차선,37,44,24.2,128,17,54.2,37.74005556,128.2983889
1310,생곡리3호,강원도 홍천군 서석면 생곡리,국도,56호선,왕복2차선,37,44,33.5,128,18,7.6,37.74263889,128.3021111
1311,,강원도 양양군 현북면 어성전리,국도,59호선,왕복2차선,37,57,4.1,128,39,51.3,37.95113889,128.66425
1312,갈천리 1호,강원도 양양군 서면 갈천리,국도,56호선,왕복2차선,37,56,10.4,128,29,36.2,37.93622222,128.4933889
1313,갈천리 2호,강원도 양양군 서면 갈천리,국도,56호선,왕복2차선,37,55,28.6,128,29,57.2,37.92461111,128.4992222
1314,갈천리 3호,강원도 양양군 서면 갈천리,국도,56호선,왕복2차선,37,54,30.6,128,30,32.7,37.9085,128.5090833
1315,갈천리 4호,강원도 양양군 서면 갈천리,국도,56호선,왕복2차선,37,55,50.8,128,29,36.5,37.93077778,128.4934722
1316,갈천리 5호,강원도 양양군 서면 갈천리,국도,56호선,왕복2차선,37,54,30.8,128,30,17.2,37.90855556,128.5047778
1317,덕우리,강원도 정선군 정선읍,국도,59호선,왕복2차선,37,21,23.8,128,43,8.4,37.35661111,128.719
1318,실내1 생태이동통로,강원도 화천군 상서면 다목리,국도,56호선,왕복2차선,38,9,47.6,127,31,36.3,38.16322222,127.52675
1319,실내2 생태이동통로_1,강원도 화천군 상서면 다목리,국도,56호선,왕복2차선,38,9,49.2,127,31,36.3,38.16366667,127.52675
1320,실내2 생태이동통로_2,강원도 화천군 상서면 다목리,국도,56호선,왕복2차선,38,9,49.2,127,31,36.3,38.16366667,127.52675
1321,발산통로,경상남도 진주시 이반성면 발산리,국도,2호선,왕복4차선,35,8,11.71,128,21,10.62,35.13658611,128.35295
1322,정양통로,경상남도 합천군 대양면 정양리,국도,33호선,왕복4차선,35,33,7.65,128,10,4.94,35.552125,128.1680389
1323,상현1통로,경상남도 합천군 봉산면 상현리,국도,24호선,왕복2차선,35,37,57,128,1,22,35.6325,128.0227778
1324,상현2통로,경상남도 합천군 봉산면 상현리,국도,24호선,왕복2차선,35,37,47,128,2,23,35.62972222,128.0397222
1325,덕암통로,경상남도 합천군 야로면 덕암리,국도,26호선,왕복2차선,35,40,29,128,10,29,35.67472222,128.1747222
1326,대구국토3(교리 생태통로),경상북도 구미시 선산읍 교리,국도,33호선,왕복4차선,36,15,53.08,128,19,1.29,36.26474444,128.317025
1327,대구국토4(화양읍 생태통로),경상북도 청도군 화양읍 삼신리,국도,25호선,왕복4차선,35,40,26.24,128,41,47.9,35.67395556,128.6966389
1328,금강송 생태통로,경상북도 울진군 서면 광회리,국도,36호선,왕복2차선,36,55,57.12349481,129,9,44,36.9325343,129.1622222
1329,행곡 생태통로,경상북도 울진군 근남 행곡리,국도,36호선,왕복2차선,36,58,24.02,129,20,59.4,36.97333889,129.3498333
1330,청서교,경상북도 포항시 남구 연일읍 우복리 산15-2,국도,31호선,왕복4차선,35,58,36.45,129,20,22.5,35.97679167,129.3395833
1331,신현육교(병풍육교),경상북도 문경시 마성면 신현리 산43-1 일원,국도,3호선,왕복4차선,36,39,17.9,128,7,53,36.65497222,128.1313889
1332,신암육교,경상북도 영주시 이산면 신암리 산46-1,국도,36호선,왕복4차선,36,51,26.08164789,128,42,2.994563098,36.8572449,128.7008318
1333,지동육교1,경상북도 영주시 이산면 지동리 산163-2 일원,국도,36호선,왕복4차선,36,51,46.8689681,128,42,50.51298331,36.86301916,128.7140314
1334,지동육교2,경상북도 영주시 이산면 지동리 산156-3,국도,36호선,왕복4차선,36,51,58.5,128,43,26.2,36.86625,128.7239444
1335,유곡육교,경상북도 봉화군 봉화읍 유곡리 산38-3,국도,36호선,왕복4차선,36,52,57.34313647,128,45,6.232960697,36.88259532,128.7517314
1336,수로암거,경상북도 영주시 풍기읍 수철리 산4-3 일원,국도,5호선,왕복2차선,36,52,9,128,27,1,36.86916667,128.4502778
1337,수로암거,경상북도 봉화군 명호면 삼동리 790,국도,35호선,왕복2차선,36,52,40,128,56,6,36.87777778,128.935
1338,원형수로,경상북도 봉화군 명호면 삼동리 1443-1 일원,국도,35호선,왕복2차선,36,52,15,128,54,38,36.87083333,128.9105556
1339,원형수로,경상북도 봉화군 법전면 소천리 27-3,국도,35호선,왕복2차선,36,53,53,128,56,42,36.89805556,128.945
1340,통로암거,경상북도 봉화군 법전면 어지리 97-5,국도,31호선,왕복3차선(오르막차로1차로포함),36,55,7,128,58,31,36.91861111,128.9752778
1341,수로암거,경상북도 봉화군 석포면 대현리 440-1,국도,31호선,왕복2차선,37,3,8,129,0,15,37.05222222,129.0041667
1342,원형수로,경상북도 봉화군 석포면 대현리 산47-2,국도,31호선,왕복2차선,37,3,44,129,0,31,37.06222222,129.0086111
1343,수로암거,경상북도 봉화군 소천면 고선리 105-4,국도,31호선,왕복2차선,36,58,12.92,129,0,13.37,36.97025556,129.0037139
1344,수로암거,경상북도 봉화군 소천면 고선리 297-5,국도,31호선,왕복2차선,36,58,47.59,128,59,34.2,36.97988611,128.9928333
1345,수로암거,경상북도 봉화군 소천면 고선리 산61-22,국도,31호선,왕복2차선,37,0,3.92,128,58,40.54,37.00108889,128.9779278
1346,옹천육교,경상북도 안동시 북후면 옹천리 산30-1,국도,5호선,왕복4차선,36,41,40.6678253,128,42,30.74144179,36.69462995,128.7085393
1347,용성리 A,경상남도 밀양시 삼랑진읍 용성리 산58-6번지,국도,58호선,왕복2차선,35,25,44.26,128,48,24.18,35.42896111,128.8067167
1348,용성리 B,경상남도 밀양시 삼랑진읍 용성리 산64-1번지,국도,58호선,왕복2차선,35,25,36.36,128,48,30.62,35.42676667,128.8085056
1349,,경상북도 성주군 수륜면 신파리,국도,59호선,왕복2차선,35,49,9.7,128,10,37.7,35.81936111,128.1771389
1350,,경상북도 성주군 수륜면 백운리,국도,59호선,왕복2차선,35,49,59.7,128,8,42.8,35.83325,128.1452222
1351,,경상북도 영천시 신녕면 화서리,국도,28호선,왕복4차선,36,6,14.8,128,44,59.8,36.10411111,128.7499444
1352,,경상북도 영천시 신녕면 화서리,국도,28호선,왕복4차선,36,6,15.36226746,128,44,59.79057312,36.1042673,128.7499418
1353,,경상북도 영천시 신녕면 화서리,국도,28호선,왕복4차선,36,4,11.40294274,128,42,43.12857055,36.06983415,128.7119802
1354,,경상북도 영천시 화산면 덕암리,국도,28호선,왕복4차선,36,2,10.5,128,50,23.9,36.03625,128.8399722
1355,,경상북도 예천군 풍양면 청운리,국도,59호선,왕복4차선,36,31,12.2,128,17,57.5,36.52005556,128.2993056
1356,,경상북도 영양군 수비면 계리,국도,88호선,왕복2차선,36,45,47,129,10,43,36.76305556,129.1786111
1357,지막생태통로,경상남도 산청군 금서면 지막리,국도,59호,왕복2차선,35,23,30.9,127,50,50.7,35.39191667,127.8474167
1358,무안광주선 37.48k,광주광역시 광산구 지죽동,무안광주선,(고속국도 12호선),왕복4차선,35,8,20.44,126,44,53.46,35.13901111,126.7481833
1359,평택제천선 35.10k(갈전육교),경기도 안성시 미양면 갈전리,평택제천선,(고속국도 40호선),왕복4차선,36,98,38.02,127,23,90.5,37.64389444,127.4084722
1360,평택제천선 34.90k,경기도 안성시 미양면 갈전리,평택제천선,(고속국도 40호선),왕복4차선,36,98,44.9,127,23,83.4,37.64580556,127.4065
1361,중부내륙선 263.20k,경기도 여주군 가남면 안금리,중부내륙선,(고속국도 45호선),왕복4차선,37,12,51,127,36,18.01,37.21416667,127.6050028
1362,동해선 48.20k(어단육교),강원도 강릉시 구정면 어단리,동해선,(고속국도 65호선),왕복4차선,37,41,24.11,128,55,3.16,37.69003056,128.9175444
1363,동해선 67.70k(석교육교),강원도 강릉시 사천면 석교리,동해선,(고속국도 65호선),왕복4차선,37,41,24.11,128,55,3.16,37.69003056,128.9175444
1364,영동선 226.94k,강원도 강릉시 성산면 보광리,영동선,(고속국도 50호선),왕복4차선,37,44,3.77,128,46,56.14,37.73438056,128.7822611
1365,영동선 228.80k,강원도 강릉시 성산면 보광리,영동선,(고속국도 50호선),왕복4차선,37,44,51.68,128,47,23.97,37.74768889,128.7899917
1366,중앙선 333.46k,강원도 횡성군 횡성읍 갈풍리,중앙선,(고속국도 55호선),왕복4차선,37,29,16.79,127,56,59.24,37.48799722,127.9497889
1367,동해선 90.30k(잔교육교),강원도 양양군 현북면 하광정리,동해선,(고속국도 65호선),왕복4차선,38,0,21.82,128,42,53.12,38.00606111,128.7147556
1368,서울양양선 70.31k,강원도 홍천군 북방면 성동리,서울양양선,(고속국도 60호선),왕복4차선,37,45,19.11,127,52,52.49,37.75530833,127.8812472
1369,청주상주선 41.10k(갈평육교),충청북도 보은군 마로면 갈평리,청주상주선,(고속국도 30호선),왕복4차선,36,27,18.18,127,50,53.02,36.45505,127.8480611
1370,청주상주선 24.55k,충청북도 보은군 수한면 교암리,청주상주선,(고속국도 30호선),왕복4차선,36,28,21.39,127,40,2.57,36.47260833,127.6673806
1371,청주상주선  19.42k,충청북도 보은군 회인면 애곡리,청주상주선,(고속국도 30호선),왕복4차선,36,28,54.59,127,36,50.49,36.48183056,127.614025
1372,청주상주선 19.58k(애곡육교),충청북도 보은군 수한면 건천리,청주상주선,(고속국도 30호선),왕복4차선,36,28,52.3092,127,36,53.0064,36.481197,127.614724
1373,당진대전선 53.60k(영정육교),충청남도 공주시 신풍면 영정리,당진대전선,(고속국도 30호선),왕복4차선,36,30,59.67,127,0,0.3384,36.516575,127.000094
1374,당진대전선 61.60k(상서육교),충청남도 공주시 우성면 상서리,당진대전선,(고속국도 30호선),왕복4차선,36,29,11.22,127,4,45.9768,36.48645,127.079438
1375,당진대전선 68.10k,충청남도 공주시 의당면 청룡리,당진대전선,(고속국도 30호선),왕복4차선,36,29,41.98,127,8,41.51,36.49499444,127.1448639
1376,서해안선 243.45k(운산터널),충청남도 서산시 운산면 신창리,서해안선,(고속국도 15호선),왕복4차선,36,45,43.218,126,34,15.6792,36.762005,126.571022
1377,당진대전선 1.30k(사기소육교),충청남도 당진시 당진읍 사기소리,당진대전선,(고속국도 30호선),왕복4차선,36,50,32.23,126,37,30.46,36.84228611,126.6251278
1378,익산장수선 11.40k,전라북도 완주군 용진면 상삼리,익산장수선,(고속국도 20호선),왕복4차선,35,52,53.27,127,11,8.26,35.88146389,127.1856278
1379,중부선 143.42k,전라북도 장수군 계북면 원촌리,중부선,(고속국도 35호선),왕복4차선,35,46,47.95,127,36,44.5,35.77998611,127.6123611
1380,익산장수선 45.60k,전라북도 진안군 진안읍 물곡리,익산장수선,(고속국도 20호선),왕복4차선,35,46,29.92,127,28,12.04,35.77497778,127.4700111
1381,무안광주선 24.90k,전라남도 나주시 문평면 대도리,무안광주선,(고속국도 10호선),왕복4차선,35,4,36.48,126,38,19.54,35.0768,126.6387611
1382,무안광주선 16.94k,전라남도 함평군 학교면 마산리,무안광주선,(고속국도 10호선),왕복4차선,35,3,27.91,126,33,21.59,35.05775278,126.5559972
1383,중부내륙선 182.70k,경상북도 문경시 문경읍 마원2리,중부내륙선,(고속국도 45호선),왕복4차선,36,43,3.09,128,6,13.19,36.717525,128.1036639
1384,청주상주선 76.21k,경상북도 상주시 낙동면 운평리,청주상주선,(고속국도 30호선),왕복4차선,36,22,17.89,128,11,51.94,36.37163611,128.1977611
1385,청주상주선 59.66k,경상북도 상주시 내서면 고곡리,청주상주선,(고속국도 30호선),왕복4차선,36,25,33.93,128,2,38.1,36.42609167,128.0439167
1386,청주상주선 57.67k,경상북도 상주시 내서면 서원리,청주상주선,(고속국도 30호선),왕복4차선,36,25,44.64,128,1,22.29,36.42906667,128.0228583
1387,중부내륙선 146.90k,경상북도 상주시 헌신동,중부내륙선,(고속국도 45호선),왕복4차선,36,25,44.58,128,12,49.29,36.42905,128.2136917
1388,대구포항선 27.90k,경상북도 영천시 매산동,대구포항선,(고속국도 20호선),왕복6차선,36,1,49.1,128,54,30.12,36.03030556,128.9083667
1389,대구포항선 19.40k,경상북도 영천시 청통면 신덕리,대구포항선,(고속국도 20호선),왕복6차선,35,58,38.83590474,128,50,29.967422,35.97745442,128.8416576
1390,대구포항선 33.70k,경상북도 영천시 화남면 죽곡리,대구포항선,(고속국도 20호선),왕복6차선,36,3,12.72,128,57,50.19,36.05353333,128.9639417
1391,대구포항선 56.80k,경상북도 포항시 북구 기계면 지가리,대구포항선,(고속국도 20호선),왕복6차선,36,4,59.36,129,11,42.64,36.08315556,129.1951778
1392,중부선 46.76k,경상남도 진주시 정촌면 화개리,중부선,(고속국도 35호선),왕복4차선,35,8,3.96,128,6,43.03,35.13443333,128.1119528
1393,중부선 28.76k,경상남도 고성군 대가면 송계리,중부선,(고속국도 35호선),왕복4차선,35,2,59.66,128,16,10.78,35.04990556,128.2696611
1394,중부선 29.03k,경상남도 고성군 대가면 송계리,중부선,(고속국도 35호선),왕복4차선,35,3,4.62,128,16,1.46,35.05128333,128.2670722
1395,호남선 187.90k(원수육교),전라북도 익산시 여산면 원수리,호남선,(고속국도 25호선),왕복8차선,36,1,33.38,127,6,11.25,36.02593889,127.103125
1396,순천완주선 49.98k(송내육교),전라북도 남원시 송동면 송내리,순천완주선,(고속국도 27호선),왕복4차선,35,8,18.16,126,44,52.23,35.13837778,126.7478417
1397,영암순천선 30.36k(토마육교),전라남도 강진군 작천면 토마리,영암순천선,(고속국도 10호선),왕복4차선,34,40,47.41675013,126,49,41.54103852,34.67983799,126.8282058
1398,평택제천선 70.17k,충청북도 음성군 금왕읍 용계리,평택제천선,(고속국도 40호선),왕복4차선,36,58,37,127,35,56.1,36.97694444,127.5989167
1399,평택제천선 78.47k,충청북도 충주시 신니면 모남리,평택제천선,(고속국도 40호선),왕복4차선,37,0,32.7,127,40,46.7,37.00908333,127.6796389
1400,평택제천선 27.40k,경기도 안성시 원곡면 반제리,평택제천선,(고속국도 40호선),왕복4차선,37,2,35.34,127,17,3.42,37.04315,127.2842833
1401,청주상주선 28.41k,충청북도 보은군 보은읍 지산리,청주상주선,(고속국도 30호선),왕복4차선,36,27,35.68,127,42,27.58,36.45991111,127.7076611
1402,평택제천선 55.89k,충청북도 진천군 이월면 내촌리,평택제천선,(고속국도 40호선),왕복4차선,36,56,43.2,127,27,7,36.94533333,127.4519444
1403,서천공주선 25.70k,충청남도 부여군 구룡면 현암리,서천공주선,(고속국도 151호선),왕복4차선,36,15,56.1,126,48,12.99,36.26558333,126.8036083
1404,무안광주선 21.60k,전라남도 나주시 문평면 송산리,무안광주선,(고속국도 12호선),왕복4차선,35,4,7.37,126,36,18.72,35.06871389,126.6052
1405,청주상주선 70.08k,경상북도 상주시 가장동,청주상주선,(고속국도 30호선),왕복4차선,36,22,9.85,128,8,1.93,36.36940278,128.1338694
1406,청주상주선 65.85k,경상북도 상주시 내서면 능암리,청주상주선,(고속국도 30호선),왕복4차선,36,23,36.58,128,5,48.36,36.39349444,128.0967667
1407,청주상주선 62.97k,경상북도 상주시 내서면 신촌리,청주상주선,(고속국도 30호선),왕복4차선,36,24,25.71,128,4,19.3,36.40714167,128.0720278
1408,남해선 79.20k,경상남도 진주시 문산읍 상문리,남해선,(고속국도 10호선),왕복8차선,35,10,53.01,128,11,47.1,35.18139167,128.1964167
1409,남해선 86.17k,경상남도 진주시 지수면 금곡리,남해선,(고속국도 10호선),왕복8차선,35,12,32.68,128,15,33.55,35.20907778,128.2593194
1410,남해선 87.10k,경상남도 진주시 지수면 금곡리,남해선,(고속국도 10호선),왕복8차선,35,12,48.08,128,15,46.46,35.21335556,128.2629056
1411,남해선 93.04k,경상남도 함안군 군북면 박곡리,남해선,(고속국도 10호선),왕복8차선,35,15,53,128,16,44.65,35.26472222,128.2790694
1412,남해선 93.30k,경상남도 함안군 군북면 박곡리,남해선,(고속국도 10호선),왕복8차선,35,16,10.26,128,16,53.36,35.26951667,128.2814889
1413,영암순천선 12.65k,전라남도 영암군 학산면 상월리,영암순천선,(고속국도 10호선),왕복왕복4차선차선,34,42,49.23,126,38,11.81,34.713675,126.6366139
1414,영암순천선 12.94k,전라남도 영암군 학산면 상월리,영암순천선,(고속국도 10호선),왕복왕복4차선차선,34,42,49.23,126,38,11.81,34.713675,126.6366139
1415,영암순천선 66.69k,전라남도 보성군 겸백면 남양리,영암순천선,(고속국도 10호선),왕복4차선,34,48,27.39,127,9,28.58,34.80760833,127.1579389
1416,하늘공원 진입로_2,울산광역시 울주군 삼동면 조일리,보삼길,소로 1-3 호선,왕복2차선,35,28,39,129,7,57,35.4775,129.1325
1417,용두생태터널,충청남도 아산시 탕정면 용두리 산22(아산시 충무로 72번길 13),충무로72번길,13,왕복6차선,36,49,1.96,127,2,55.18,36.81721111,127.0486611
1419,신양생태통로,충청남도 예산군 신양면 대덕리 370-1,위임국도,32호,왕복4차선,37,16,80,127,24,39,37.28888889,127.4108333
1420,평택제천선 84.20k,충청북도 충주시 신니면 화석리,평택제천선,고속국도 제40호선,왕복4차선,37,1,54.4,127,43,45.1,37.03177778,127.7291944
1421,평택제천선 84.47k,충청북도 충주시 노은면 문성리,평택제천선,고속국도 제40호선,왕복4차선,37,2,1.4,127,43,55.2,37.03372222,127.732
1422,현암생태통로,경기도 여주시 현암동 640-11,도시계획도로,시도 10호선,왕복4차선,0,0,0,0,0,0,0,0
1426,토월,경상남도 창원시 성산구 토월동 산 11-2,국도,25호선,왕복4차선,35,14,1.45,128,42,17.51,35.23373611,128.7048639
1427,중남통로,경상남도 함양군 서하면 송계리 산146-2번지,국도,26호,왕복1차선,35,40,29,128,10,29,35.67472222,128.1747222
1428,생태통로(대대터널:개착식),강원도 고성군 거진읍 송죽리,국도,7,왕복4차선,38,23,57.8,128,27,51.25,38.39938889,128.4642361
1429,무안광주선 37.48k,광주광역시 광산구 지죽동(무안광주선 37.48k),무안광주선,37.48k,왕복4차선,35,8,28,126,44,55,35.14111111,126.7486111
1430,무안광주선 24.90k,전라남도 나주시 문평면 대도리(무안광주선 24.90k),무안광주선,24.90k,왕복4차선,35,4,46.09,126,38,22.76,35.07946944,126.6396556
1431,무안광주선 16.94k,전라남도 함평군 학교면 마산리(무안광주선 16.94k),무안광주선,16.94k,왕복4차선,35,3,38.36,126,33,23.95,35.06065556,126.5566528
1432,순천완주선 49.98k(송내육교),전라북도 남원시 수지면 남창리(순천완주선 49.98k),순천완주선,49.98k,왕복4차선,35,20,35.1,127,20,58.8,35.34308333,127.3496667
1433,영암순천선 30.36k(토마육교),전라남도 강진군 작천면 토마리(영암순천선 30.36k),영암순천선,30.36k,왕복4차선,34,40,47.5,126,49,41.5,34.67986111,126.8281944
1434,은봉로 생태통로,인천광역시 남동구 논현동 685,은봉로,0,왕복5차선,37,40,61,126,70,55,37.68361111,127.1819444
1435,소낭이대고개,인천광역시 남동구 논현동413-24,논고개로,0,왕복5,37,41,0,126,72,0,37.68333333,127.2
1436,무안광주선 21.60k,전라남도 나주시 문평면 송산리(무안광주선 21.60k),무안광주선,21.60k,왕복4차선,35,4,16.91,126,36,20.95,35.07136389,126.6058194
1437,영암순천선 12.64k,전라남도 영암군 학산면 상월리,영암순천선,12.64k,왕복4차선,34,42,25.1,126,38,32,34.70697222,126.6422222
1439,영암순천선 12.94k,전라남도 영암군 학산면 상월리,영암순천선,12.94k,왕복4차선,34,42,24,126,38,42.4,34.70666667,126.6451111
1440,영암순천선 66.69k,전라남도 보성군 겸백면 남양리,고속국도,10호선,왕복4차선,34,48,27.39,127,9,28.58,34.80760833,127.1579389
1442,은봉로생태통로1,인천광역시 남동구 논현동 685,은봉로,0,왕복4차선,37,40,61,126,72,55,37.68361111,127.2152778
1443,논현로 생태통로,인천광역시 남동구 논현동 698,논현로,0,왕복4차선,37,40,44,126,72,61,37.67888889,127.2169444
1444,앵고개로생태통로,인천광역시 남동구 논현동 787,앵고개로,0,왕복5차선,37,38,99,126,72,2,37.66083333,127.2005556
1445,월정사,강원도 평창군 진부면 동산리,상원사진입도로,없음,2차선,37,43,36.2,128,35,40,37.72672222,128.5944444
1447,갈운생태통로,경기도 양평군 청운면 갈운리 산1-4,국도,6,왕복2차선,37,31,58,127,48,6,37.53277778,127.8016667
1448,옥녀봉생태통로,경상북도 영주시 봉현면 두산리 산32-8,시도,2호선,왕복2차선,36,50,38.45,128,28,2.01,36.84401389,128.467225
1449,,경상북도 고령군 대가야읍 내곡리,군도,6호선,왕복2차선,35,40,36.29,128,17,41.02,35.67674722,128.2947278
1450,,경상북도 고령군 다산면 송곡리 산74,다산산단로,중로,왕복4차선,35,47,53.54,128,22,15.3,35.79820556,128.3709167
1451,상밖산재,경상북도 청송군 현서면 무계리 산 54-8,군도,무계-갈천,왕복2차선,36,10,31.64,128,58,37.04,36.17545556,128.9769556
1452,논골재,경상북도 청송군 파천면 신기리 산41-7,군도,송강-옹점,왕복2차선,36,28,58.45,129,3,41.41,36.48290278,129.0615028
1453,갈비재,경상북도 청송군 파천면 신흥리 852,군도,금곡2-신흥,왕복2차선,36,24,24.87565883,129,2,49.69100952,36.40690991,129.0471364
1455,,경기도 연천군 연천읍 고문리 ,현문로,지방도78번,왕복2차선,38,4,2.56,127,7,39.37,38.06737778,127.1276028
1456,동물이동통로,세종특별자치시 소정면 고등리 74-21,시도,32,왕복2차선,36,42,40,127,12,14,36.71111111,127.2038889
1457,못토재 생태통로,전라북도 순창군 풍산면 죽곡리 725번지,지방도,729,왕복2차선,35,21,31.14,127,7,8.94,35.35865,127.11915
1459,부산포항선 55.3k(범서IC),울산광역시 울주군 범서읍 척과리 산255-10,부산포항선,(고속국도 65호선),왕복4차선,35,33,34.04033638,129,14,18.88864138,35.55945565,129.2385802
1460,광주대구선 125.8k,경상남도 거창군 남하면 둔마리 925-3(광주대구선 125.8k),광주대구선 125.8k,12,왕복4차선,35,42,26.91,127,58,2.69,35.707475,127.9674139
1461,선암생태통로,전라남도 보성군 벌교읍 옥전리,산115,30,왕복2차선,34,50,47.06,127,13,33.04,34.84640556,127.2258444
1462,광주대구선 28.80k,전라북도 순창군 순창읍 백산리 366-1,광주대구선,제12호선,왕복4차선,35,21,58.2,127,7,26.9,35.36616667,127.1241389
1463,녹박재,경기도 안성시 삼죽면 진촌리 산16-1,국도,38호선,왕복4차선,37,4,4.37,127,22,43.22,37.06788056,127.3786722
1464,광주대구선 52.63k(교룡산터널),전라북도 남원시 신정동,광주대구선,제12호선,왕복4차선,35,25,23.4,127,21,42.4,35.42316667,127.3617778
1465,광주대구선 74.37k(사치터널),전라북도 남원시 아영면 아곡리,광주대구선,제12호선,왕복4차선,35,28,42.1,127,33,37,35.47836111,127.5602778
1466,광주대구선 41.09k,전라북도 남원시 대강면 옥택리 ,광주대구선,제12호선,왕복4차선,35,23,12.3,127,14,58.7,35.38675,127.2496389
1467,광주대구선 89.58k,경상북도 함양군 병곡면 도천리,광주대구선,제12호선,왕복4차선,35,32,34.6,127,41,31.7,35.54294444,127.6921389
1468,구천통로,경상남도 진주시 진성면 구천리 산120-4,국도,2호선,왕복4차선,35,10,8.98,128,12,55.4,35.16916111,128.2153889
1469,삼봉산 생태통로,전라북도 무주군 무풍면 삼거리 138-47,국도,37,왕복2차선,35,52,23.9,127,49,41.5,35.87330556,127.8281944
1470,덕유산 생태통로,전라북도 무주군 무풍면 삼공리 951-3,국도 ,37,왕복2차선,35,52,12.2,127,49,29.5,35.87005556,127.8248611
1471,삼봉산 생태통로,전라북도 무주군 무풍면 삼거리 1-12,국도,37,왕복2차선,35,52,12.2,127,49,29.5,35.87005556,127.8248611
1472,덕유산 생태통로,전라북도 무주군 설천면 심곡리 343-5,국도,37,왕복2차선,35,55,14,127,45,26.8,35.92055556,127.7574444
1473,거칠봉 생태통로,전라북도 무주군 설천면 두길리 1536-1,국도,37,왕복2차선,35,58,24.7,127,46,37.9,35.97352778,127.7771944
1474,부귀1 생태통로,전라북도 고창군 아산면 주진리 산 4-1,국지도,15,왕복4차선,35,26,34.6,126,36,48.2,35.44294444,126.6133889
1475,부귀2 생태통로,전라북도 고창군 아산면 학전리 산 122-1,국지도,15,왕복4차선,35,26,34.1,126,36,41.5,35.44280556,126.6115278
1476,달궁 생태통로,전라북도 남원시 산내면 덕동리 산 215-17,지방도 ,737,왕복2차선,35,20,59.40451047,127,32,2.119507035,35.34983459,127.5339221
1477,고기리 생태통로,전라북도 남원시 주천면 고기리 산 107-9,지방도 ,737,왕복2차선,35,21,53.48031948,127,30,47.15740966,35.36485564,127.5130993
1478,송동 생태통로,전라북도 남원시 송동면 두신리 산16-1,국도,17호선,왕복4차선,35,21,6.149252358,127,19,18.50938521,35.35170813,127.3218082
1479,입암,전라북도 정읍시 입암면 신면리 산18-1,국도,1호선,왕복4차선,35,31,6.27,126,49,43.65,35.51840833,126.8287917
1481,,충청북도 청주시 서원구 수곡동 577-1 ,1순환로,1순환로,왕복6차선,36,37,20.6,127,28,2.29,36.62238889,127.4673028
1482,,충청북도 청주시 서원구 모충동 260-17,매봉로,매봉로,왕복2차선,36,37,26.71,127,28,40.23,36.62408611,127.4778417
1483,연대봉생태터널,부산광역시 강서구 천성동 산222-1,천성대항길,71,왕복1차선,35,1,28.37,128,49,14.22,35.02454722,128.8206167
1484,서천공주선 25.70k,충청남도 부여군 구룡면 현암리,서천공주선,고속국도 151호선,왕복4차선,36+,15,56.1,126,48,12.99,#VALUE!,126.8036083
1486,광주대구선 28.8k,전라북도 순창군 순창읍 백산리 386-1,-,-,왕복4차선,35,21,58,127,7,27,35.36611111,127.1241667
1487,예천 종산 생태통로,경상북도 예천군 호명면 종산리 산46-1,예천군 호명면 종산리 산46-1,(도로명 없음),왕복4차선,36,37,0.820320914,128,27,31.62350463,36.61689453,128.4587843
1488,초락생태통로,충청남도 당진시 석문면 삼봉리 산90(송산20.80km),북부산업로,(국도38호선),왕복4차선,37,0,14.9,126,31,33.7,37.00413889,126.5260278
1489,송촌생태통로,충청남도 아산시 음봉면 송촌리 257-10(영인1.08km),국도,43호선,왕복6차선,36,51,14.6,127,2,17.7,36.85405556,127.03825
1490,월계생태통로,충청남도 홍성군 장곡면 월계리 산198 (홍성11.80km),충절로,(국도29호선),왕복4차선,36,32,27,126,44,7.3,36.54083333,126.7353611
1491,구룡생태통로,충청남도 홍성군 홍성읍 구룡리 122-3임 (홍성5.44km),충절로,(국도29호선),왕복4차선,36,34,57,126,41,41.9,36.5825,126.6949722
1492,나주 공산 상방 생태통로,전라남도 나주시 공산면 상방리 산46-4,국도,23호선,왕복4차선,34,94,53.25,126,63,43.44,35.58145833,127.0620667
1493,장성 북이 사거 생태통로,전라남도 장성군 북이면 사거리 산41-2,국도,1호선,왕복4차선,35,43,72.93,126,82,7.27,35.736925,127.3686861
1495,가계통로,경상남도 산청군 생비량면 가계리 산279-3,일반국도,20호선,왕복4차선,35,21,36.68,128,3,49.5,35.36018889,128.06375
1496,마쌍통로,경상남도 의령군 대의면 마쌍리 산99,일반국도,33호선,왕복4차선,35,22,55.12,128,6,42.42,35.38197778,128.1117833
1497,덕신통로,경상남도 남해군 설천면 덕신리 산321-4,일반국도,19호선,왕복4차선,34,55,10,127,51,40.5,34.91944444,127.86125
1498,계수터널 생태연결통로,경기도 시흥시 계수동 369-22,범안로,(시도6호선),왕복4차선,37,26,45,126,49,27,37.44583333,126.8241667
1499,용산리 생태통로,강원도 춘천시 신북읍 용산리 산25-1번지 일대,국도,5호선,왕복4차선,37,57,28.95,127,43,2.27,37.95804167,127.7172972
1500,학곡리 생태통로,강원도 춘천시 동내면 학곡리 산68-2번지 일대,국도,5호선,왕복2차선,37,48,59.9,127,45,29.84,37.81663889,127.7582889
1501,거두리 생태통로,강원도 춘천시 동내면 거두리 산88-14번지 일대,국도,5호선,왕복2차선,37,52,11.10999361,127,46,36.45683099,37.86975278,127.7767936
1502,샛다리 생태통로,경기도 구리시 교문동 418-2 샛다리어린이공원,아차산로, 45번길,왕복2차선,37,35,29.41276826,127,7,41.09573365,37.59150355,127.1280821
1503,대구국토1(매수1 생태통로),경상북도 성주군 벽진면 매수1리,국도,30,왕복2차선,35,56,26.8,128,12,23.6,35.94077778,128.2065556
1504,대구국토2(매수2 생태통로),경상북도 성주군 벽진면 매수리,국도,30,왕복2차선,35,56,0.9,128,11,36.2,35.93358333,128.1933889
1505,천보산 어하고개 생태통로,경기도 양주시 율정동 산57-2,어하고개로,1,왕복2차선,37,48,33.64849737,127,7,13.47971248,37.8093468,127.120411
1506,분천생태통로,경기도 화성시 봉담읍 분천리 437-14,-,-,왕복4차선,37,11,37,126,57,1,37.19361111,126.9502778
1507,마암생태통로,강원도 횡성군 둔내면 마암2리 산281-4번지 일대,일반국도,6호선,왕복2차선,37,32,31.49,128,12,40.48,37.54208056,128.2112444
1508,삽교리 생태통로1,강원도 횡성군 둔내면 삽교리 산302번지 일대,일반국도,6호선,왕복2차선,37,34,48.8,128,15,20.1,37.58022222,128.2555833
1509,삽교리 생태통로2,강원도 횡성군 둔내면 삽교리 산306번지 일대,일반국도,6호선,왕복2차선,37,34,52.27,128,15,27.9,37.58118611,128.25775
1510,삽교리 생태통로3,강원도 횡성군 둔내면 삽교리 101전 일대,일반국도,6호선,왕복2차선,37,34,54.93,128,16,4.46,37.581925,128.2679056
1511,귀락 생태통로,경기도 의정부시 자일동 산 56-15,민락로,중로1-29,왕복4차선,37,45,19,127,6,53,37.75527778,127.1147222
1512,사패 생태통로,경기도 의정부시 의정부동 산 4-7,서부순환로,광로3-1,왕복6차선,37,44,13,127,1,46,37.73694444,127.0294444
1513,장암 생태통로,경기도 의정부시 장암동 산 21-14,동일로,대로1-2,왕복12차선,37,42,51,127,3,39,37.71416667,127.0608333
1514,효자봉 생태통로,경기도 의정부시 신곡동 산 25-23,금신로,대로3-5,왕복6차선,37,44,24,127,4,9,37.74,127.0691667
1515,갈사만진입도로3호선 생태이동로,경상남도 하동군 금성면 가덕리 산173-16번지 일원,갈사만진입도로,3호선,왕복4차선,34,58,38.45,127,48,42.25,34.97734722,127.8117361
1516,동물이동통로,경기도 의왕시 고천동   산 55-5 (서수원~의왕간 고속화도로 13.07km) ,서수원∼의왕간고속화도로 지방도,309호선 ,왕복6~8차선,37,20,11.8,126,58,23.42,37.33661111,126.9731722
1517,절토육교,경기도 의왕시 월암동  산 46-3 (서수원~의왕간 고속화도로 13.07km) ,서수원∼의왕간고속화도로 지방도,309호선 ,왕복6~8차선,37,19,2.04,126,57,59,37.31723333,126.9663889
1518,동해선 16.60k(지흥터널),강원도 동해시 지흥동,동해선,65,왕복4차선,37,30,0.9,129,5,29,37.50025,129.0913889
1519,동해선 110.31k(강현1터널),강원도 양양군 강현면 석교리,동해선,65,왕복4차선,38,7,43.5,128,34,45.2,38.12875,128.5792222
1520,동해선 112.82k(강현2터널),강원도 양양군 강현면 강선리,동해선,65,왕복4차선,38,9,1.5,128,35,6.2,38.15041667,128.5850556
1521,동해선 117.93k(노학터널),강원도 속초시 노학동,동해선,65,왕복4차선,38,10,48.5,128,33,28,38.18013889,128.5577778
1522,서울양양선 82.96k,강원도 홍천군 화촌면 군업리 산220-12,서울양양선,60,왕복4차선,37,45,27.9,128,0,54.7,37.75775,128.0151944
1523,서울양양선 85.43k,강원도 홍천군 화촌면 장평리 산236-1,서울양양선,60,왕복4차선,37,45,16.9,128,2,34.4,37.75469444,128.0428889
1524,서울양양선 93.84k,강원도 홍천군 내촌면 와야리 산266-1,서울양양선,60,왕복4차선,37,47,17.1,128,7,27.3,37.78808333,128.12425
1525,서울양양선 104.86k,강원도 인제군 상남면 상남리,서울양양선,60,왕복4차선,37,49,38.9,128,13,21.3,37.82747222,128.2225833
1526,서울양양선 105.19k,강원도 인제군 상남면 상남리,서울양양선,60,왕복4차선,37,49,51.5,128,13,38,37.83097222,128.2272222
1527,갈매생태통로,경기도 경기 구리시 갈매동 산 69-183,갈매동 산 69-183,도로명미부여,왕복4차선,37,62,0,127,11,33,38.03333333,127.1925
1528,동물이동통로,경기도 의왕시 고천동 산55-5,지방도,309호선,왕복6차선,37,20,11.8,126,58,23.42,37.33661111,126.9731722
1529,절토육교,경기도 의왕시 월암동 산46-3,지방도,309호선,왕복6차선,37,19,2.04,126,57,59,37.31723333,126.9663889
1530,낙양 생태통로,경기도 의정부시 낙양동 산116-1,신평화로,대로3-42,왕복6차선,37,45,11.3,127,5,54,37.75313889,127.0983333
1531,회곡 생태통로,경기도 가평군 설악면 회곡리 841,국도,37호선,왕복2차선,37,41,12,127,27,48,37.68666667,127.4633333
1532,민락 생태통로,경기도 의정부시 낙양동 산116-1,국대도,3호선,왕복6차선,37,45,12,127,5,53,37.75333333,127.0980556
1533,고암 생태통로,경기도 양주시 고암동 산44-3,국대도,3호선,왕복6차선,37,49,36,127,4,24,37.82666667,127.0733333
1534,생태육교 생태통로,경기도 가평군 청평면 고성리 산79-1,국도,75호선,왕복2차선,37,42,31,127,29,48,37.70861111,127.4966667
1535,옥암생태통로,충청남도 홍성군 홍성읍 옥암리 874-2 (해미21.7Km),남부순환로,(국도29호선),왕복4차선,36,35,8.24,126,37,58.48,36.58562222,126.6329111
1536,구항생태통로,충남 홍성군 홍성읍 월산리 산 186-2 (해미21.7Km),구항길,(구국도),왕복2차선,36,35,12.24,126,37,58.4,36.58673333,126.6328889
1537,동물이동통로,경기도 의왕시 고천동 산55-5,서수원~의왕간 도로,지방도309호선,왕복6차선,37,20,11.8,126,58,23.42,37.33661111,126.9731722
1538,절토육교,경기도 의왕시 월암동 산46-3,서수원~의왕간 도로,지방도309호선,왕복6차선,37,19,2.04,126,57,59,37.31723333,126.9663889
1539,신단생태통로,경상남도 거창군 고제면 봉계리,신단로,1,왕복2차선,35,53,56,127,51,55.7,35.89888889,127.8654722
1540,,부산광역시 기장군 정관읍 모전리,지방도,60,왕복4차선,35,20,45.5,129,9,30.8,35.34597222,129.1585556
1541,계룡생태통로,충청남도 공주시 반포면 학봉리,계룡대로,1,왕복2차선,36,20,46.3,127,15,9.5,36.34619444,127.2526389
1542,남부생태통로,충청남도 홍성군 홍성읍 옥암리,국도,29,왕복4차선,36,34,51.5,126,38,12.4,36.58097222,126.6367778
1543,용화생태통로,경상북도 상주시 화북면 운흥리,국도,37,왕복2차선,36,35,40.5,127,48,4.4,36.59458333,127.8012222
1544,,경상남도 진주시 진성면 구천리,국도,2,왕복4차선,35,10,8.7,128,13,0.8,35.16908333,128.2168889
1545,,전라남도 보성군 득량면 삼정리,국도,2,왕복4차선,34,46,27.1,127,7,20.3,34.77419444,127.1223056
1546,,강원도 홍천군 화촌면 군업리  산220-12,고속도로,60,왕복4차선,37,45,27.6,128,0,54.5,37.75766667,128.0151389
1547,,강원도 홍천군 내촌면 물걸리  산386-2,고속도로,60,왕복4차선,37,47,17.6,128,7,28.8,37.78822222,128.1246667
1548,,강원도 인제군 상남면 상남리  1627-5,고속도로,60,왕복4차선,37,50,3.6,128,13,41.9,37.83433333,128.2283056
1549,,강원도 인제군 상남면 상남리  1649-5,고속,60,왕복4차선,37,49,53.1,128,13,34.3,37.83141667,128.2261944
1550,어하생태통로,경기도 포천시 소흘읍 이동교리,부흥로,9,왕복2차선,37,48,33.9,127,7,13.5,37.80941667,127.1204167
1551,,경기도 안성시 삼죽면 진촌리,국도,38,왕복2차선,37,4,4.5,127,22,42.8,37.06791667,127.3785556
1552,,경상북도 김천시 봉산면 광천리,국도,4,왕복4차선,36,12,9.1,128,0,25.9,36.20252778,128.0071944
1553,,강원도 강릉시 연곡면 삼산리,국도,6,왕복4차선,37,50,14.3,128,39,15.1,37.83730556,128.6541944
1554,,전라북도 장수군 번암면 유정리 ,고속,12,왕복4차선,35,28,38.8,127,32,22.2,35.47744444,127.5395
1555,,전라북도 장수군 번암면 노단리,지방도,751,왕복2차선,35,31,51.6,127,33,39.5,35.531,127.5609722
1556,,경상북도 김천시 봉산면 광천리,고속,1,왕복6차선,36,12,12.2,128,0,4.8,36.20338889,128.0013333
1557,,경상북도 김천시 봉산면 광천리,봉산로,1,왕복2차선,36,12,8,128,0,17.1,36.20222222,128.00475
1558,,경기도 포천시 소흘읍 직동리,지방도,98,왕복2차선,37,45,11.1,127,10,8,37.75308333,127.1688889
1559,,울산광역시 울주군 두서면 활천리,고속,1,왕복4차선,35,40,59.8,129,10,52.7,35.68327778,129.1813056
1560,,충청남도 천안시 서북구 입장면,지방,57,왕복2차선,36,53,16.4,127,16,3.8,36.88788889,127.2677222
